date,song,lyrics
1994,come-out-and-play-keep-em-separated,"  [Intro] You gotta keep 'em separated  [Verse 1] Like the latest fashion Like a spreading disease The kids are strappin' on their way to the classroom Gettin' weapons with the greatest of ease The gangs stake out their own campus locale And if they catch you slippin', then it's all over, pal If one guy's colors and the other's don't mix They're gonna bash it up, bash it up, bash it up, bash it up...  [Chorus] Hey! Man, you talkin' back to me? Take him out You gotta keep 'em separated Hey! Man, you disrespectin' me? Take him out You gotta keep 'em separated Hey, they don't pay no mind If you're under 18, you won't be doing any time Hey! Come out and play  [Verse 2] By the time you hear the siren It's already too late One goes to the morgue and the other to jail One guy's wasted and the other's a waste It goes down the same as the thousand before No one's getting smarter No one's learning the score Your never-ending spree of death and violence and hate Is gonna tie your own rope, tie your own rope, tie your own...  [Chorus] Hey! Man, you disrespectin' me? Take him out You gotta keep 'em separated Hey! Man, you talkin' back to me? Take him out You gotta keep 'em separated Hey, they don't pay no mind If you're under 18, you won't be doing any time Hey! Come out and play  [Verse 3] It goes down the same as the thousand before No one's getting smarter No one's learning the score Your never-ending spree of death and violence and hate Is gonna tie your own rope, tie your own rope, tie your own...  [Chorus] Hey! Man, you talkin' back to me? Take him out You gotta keep 'em separated Hey! Man, you disrespectin' me? Take him out You gotta keep 'em separated Hey, they don't pay no mind If you're under 18, you won't be doing any time Hey! Come out and play  "
1994,self-esteem,"  [Intro] La, la, la, la, la La, la, la, la, la  [Verse 1] I wrote her off for the tenth time today And practiced all the things I would say But she came over, I lost my nerve I took her back and made her dessert Now I know I'm being used That's okay, man, 'cause I like the abuse I know she's playing with me That's okay 'cause I've got no self-esteem  [Chorus] Oh hey yeah yeah Oh yeah yeah Oh yeah yeah Oh yeah yeah  [Verse 2] We make plans to go out at night I wait 'til two, then I turn out the light This rejection's got me so low If she keeps it up, I just might tell her so  [Chorus] Oh hey yeah yeah Oh yeah yeah Oh yeah yeah Oh yeah yeah  [Bridge] When she's saying, oh, that she wants only me Then I wonder why she sleeps with my friends When she's saying, oh, that I'm like a disease Then I wonder how much more I can spend Well, I guess I should stick up for myself But I really think it's better this way The more you suffer The more it shows you really care Right? Yeah, yeah, yeah  [Verse 3] Now I'll relate this little bit It happens more than I'd like to admit Late at night, she knocks on my door She's drunk again and looking to score Now I know I should say no But it's kind of hard when she's ready to go I may be dumb, but I'm not a dweeb I'm just a sucker with no self-esteem  [Chorus] Oh hey yeah yeah Oh yeah yeah Oh yeah yeah Oh yeah yeah  [Bridge] When she's saying, oh, that she wants only me Then I wonder why she sleeps with my friends When she's saying, oh, that I'm like a disease Then I wonder how much more I can spend Well, I guess I should stick up for myself But I really think it's better this way The more you suffer The more it shows you really care Right? Yeah, yeah, yeah  "
1994,gotta-get-away,"  [Verse 1] Getting edgy all the time Someone around me just a step behind It's kind of scary, the shape I'm in Walls are shaking and they're closing in Too fast or a bit too slow Paranoid of people and it's starting to show One guy that I can't shake Over my shoulder is a big mistake  [Chorus] Sitting on the bed Or lying wide awake There's demons in my head And it's more than I can take I think I'm on a roll But I think it's kind of weak Saying all I know is I gotta get away from me  [Verse 2] I tell you, something just ain't right My head is on loose but my shoes are tight Avoiding my friends ’cause they all bug Life is like a riddle and I'm really stumped If you reason, don't you know Your own preoccupation is where you'll go Being followed, I look around It's only my shadow creeping on the ground  [Chorus] Sitting on the bed Or lying wide awake There's demons in my head And it's more than I can take I think I'm on a roll But I think it's kind of weak Saying all I know is I gotta get away from me I gotta get away from me I gotta get away from me  [Chorus] Sitting on the bed Or lying wide awake There's demons in my head And it's more than I can take I think I'm on a roll But I think it's kind of weak Saying all I know is I gotta get away from me  I gotta get away from me I gotta get away from me I gotta get away from me...  "
1997,smash-it-up,"  [Chorus] We've been playing now for much too long And never gonna dance to a different song I'm going to scream and shout till my dying breath I'm going to smash it up till there's nothing left Ooh smash it up Smash it up smash it up Ooh smash it up Smash it up smash it up  [Verse] People call me weird, oh it's such a shame Maybe it's my clothes, must be to blame I don't even care if I look a mess Don't wanna be a sucker like all the rest  [Bridge] Smash it up And you can keep your crystal glasses Smash it up And you can see a very dead-way end Smash it up And you can stick a frothy lager Smash it up Up the fuck with your lesson  [Chorus]  [Outro] And everybody's smashing things down I said everybody's smashing things down  "
1997,gone-away,"  [Verse 1] Maybe in another life I could find you there Pulled away before your time I can't deal, it's so unfair  [Chorus] And it feels, and it feels like Heaven is so far away And it feels, yeah, it feels like The world has grown cold now that you've gone away  [Verse 2] Leaving flowers on your grave Show that I still care Black roses and ""Hail Mary's"" Can't bring back what's taken from me  [Pre-Chorus] I reach to the sky and call out your name And if I could trade, I would  [Chorus] And it feels, and it feels like Heaven is so far away And it stings, yeah, it stings now The world is so cold now that you've gone away  [Post-Chorus] Gone away, gone away Yeah, yeah, yeah, yeah, yeah ooh Yeah ooh, ooh-ooh-ooh, oh yeah  [Bridge] I'll save your soul, woah Yeah, yeah-oh  [Pre-Chorus] I reach to the sky and call out your name Oh, please let me trade, I would  [Chorus] And it feels, and it feels like Heaven is so far away And it feels, yeah, it feels like The world has grown cold now that you've gone away  [Post-Chorus] Gone away, gone away Yeah, yeah, yeah, yeah, yeah ooh Yeah ooh, ooh-ooh-ooh, oh yeah Yeah ooh, yeah ooh, ooh-ooh-ooh, oh yeah  "
1998,pretty-fly-for-a-white-guy,"  [Intro: Sample] Gunter glieben glauten globen  [Chorus: Chris Higgins, Nika Futterman & Heidi Villagran] Give it to me, baby! Uh huh, uh huh! Give it to me, baby! Uh huh, uh huh! Give it to me, baby! Uh huh, uh huh! And all the girlies say, I'm pretty fly for a white guy Uno, dos, tres, cuatro, cinco, cinco, seis  [Verse 1: Dexter] You know, it's kinda hard just to get along today Our subject isn't cool, but he fakes it anyway He may not have a clue and he may not have style But everything he lacks, well, he makes up in denial  [Refrain: Dexter] So don't debate, a player straight You know he really doesn't get it anyway Gotta play the field, and keep it real For you no way, for you no way So if you don't rate, just overcompensate At least that you'll know you can always go on Ricki Lake The world needs wannabes, ah Hey, hey, do that brand-new thing!  [Chorus: Chris Higgins, Nika Futterman & Heidi Villagran] Give it to me, baby! Uh huh, uh huh! Give it to me, baby! Uh huh, uh huh! Give it to me, baby! Uh huh, uh huh! And all the girlies say, I'm pretty fly for a white guy  [Verse 2: Dexter] He needs some cool tunes, not just any will suffice But they didn't have Ice Cube, so he bought Vanilla Ice Now cruisin' in his Pinto, he sees homies as he pass But if he looks twice, they're gonna kick his lily ass  [Refrain: Dexter] So don't debate, a player straight You know he really doesn't get it anyway Gotta play the field, and keep it real For you no way, for you no way So if you don't rate, just overcompensate At least that you'll know you can always go on Ricki Lake The world loves wannabes, ah Hey, hey, do that brand-new thing!  [Bridge: Dexter] Now he's gettin' a tattoo, yeah, he's gettin' ink done He asked for a 13 but they drew a 31 Friends say, he's tryin' too hard and he's not quite hip But in his own mind, he's the, he's the dopest trip  [Chorus: Chris Higgins, Nika Futterman & Heidi Villagran] Give it to me, baby! Uh huh, uh huh! Give it to me, baby! Uh huh, uh huh! Give it to me, baby! Uh huh, uh huh! Uno, dos, tres, cuatro, cinco, cinco, seis  [Outro: Dexter] So don't debate, a player straight You know he really doesn't get it anyway Gotta play the field, and keep it real For you no way, for you no way So if you don't rate, just overcompensate At least that you'll know you can always go on Ricki Lake The world needs wannabes, ah The world loves wannabes, ah Let's get some more wannabes, ah Hey, hey, do that brand-new thing!  "
1999,why-dont-you-get-a-job,"  [Verse 1] My friend's got a girlfriend Man, he hates that bitch He tells me every day He says, ""Man, I really gotta lose my chick In the worst kind of way.""  She sits on her ass He works his hands to the bone To give her money every payday But she wants more dinero just to stay at home Well, my friend, you gotta say  [Chorus] ""I won't pay, I won't pay ya, no way Na-na, why don't you get a job?"" Say, ""No way,"" say, ""No way-ya, no way Na-na, why don't you get a job?""  [Verse 2] I guess all his money, well, it isn't enough To keep her bill collectors at bay I guess all his money, well, it isn't enough ’Cause that girl's got expensive taste  [Chorus] ""I won't pay, I won't pay ya, no way Na-na, why don't you get a job?"" Say, ""No way,"" say, ""No way-ya, no way Na-na, why don't you get a job?""  [Bridge] Well, I guess it ain't easy doing nothing at all But hey man, free rides just don't come along Every day  Let me tell you about my other friend now  [Verse 3] My friend's got a boyfriend Man, she hates that dick She tells me every day He wants more dinero just to stay at home Well, my friend, you gotta say  [Chorus] ""I won't pay, I won't pay ya, no way Na-na, why don't you get a job?"" Say, ""No way,"" say, ""No way-ya, no way Na-na, why don't you get a job?""  [Outro] ""I won't give you no money, I always pay Na-na, why don't you get a job?"" Say, ""No way,"" say, ""No way-ya, no way Na-na, why don't you get a job?""  Hey! That's something everyone can enjoy  "
1998,the-kids-arent-alright,"  [Verse 1] When we were young the future was so bright (Woah) The old neighborhood was so alive (Woah) And every kid on the whole damn street (Woah) Was gonna make it big and not be beat Now the neighborhood's cracked and torn (Woah) The kids are grown up but their lives are worn (Woah) How can one little street Swallow so many lives?  [Chorus] Chances thrown, nothing's free Longing for what used to be Still it's hard, hard to see Fragile lives, shattered dreams (Go!)  [Verse 2] Jamie had a chance, well she really did (Woah) Instead she dropped out and had a couple of kids (Woah) Mark still lives at home 'cause he's got no job (Woah) He just plays guitar and smokes a lot of pot Jay committed suicide (Woah) Brandon OD'd and died (Woah) What the hell is going on? The cruelest dream, reality  [Chorus] Chances thrown, nothing's free Longing for what used to be Still it's hard, hard to see Fragile lives, shattered dreams (Go!)  [Outro] Chances thrown, nothing's free Longing for what used to be Still it's hard, hard to see Fragile lives, shattered dreams  "
1998,shes-got-issues,"  [Verse 1] I'm seeing this girl and she just might be out of her mind Well, she's got baggage and it's of the emotional kind She talks about closure and that validation bit I don't mean to be insensitive, but I really hate that shit  [Chorus 1] And I say yeah, yeah Oh man, she's got issues And I'm going to pay Yeah, yeah She thinks she's the victim And she takes it all out on me  [Verse 2] Now I know she'll feel abandoned If I don't stay over late And I know she's afraid to commit But it's only our second date  [Chorus 1] And I say yeah, yeah Oh man, she's got issues And I'm going to pay Yeah, yeah She thinks she's the victim And she takes it all out on me  [Chorus 2] I don't know why you're messed up I don't know why your whole life is a chore Just do me a favor And check your baggage at the door  [Verse 3] Now she talks about her ex Nonstop, but I don't mind But when she calls out his name in bed That's where I draw the line You told me a hundred times how your father left and he's gone But I wish you wouldn't call me 'daddy' when we're gettin' it on  [Chorus 1] And I say yeah, yeah Oh man, she's got issues And I'm going to pay Yeah, yeah She thinks she's the victim And she takes it all out on me  [Bridge] Yeah, yeah My God, she's got issues And I'm going to pay Going to pay [x5]  [Verse 4] If you think I'm controlling Then why do you follow me around If you're not co-dependent Then why do you let others drag you down  [Chorus 2] I don't know why you're messed up I don't know why your whole life is a chore Just do me a favor And check your baggage at the door  "
2000,original-prankster,"  [Intro] You can do it!  [Verse 1: Offspring] Until the break of dawn - life, life Cannot go by the letter - time, time Prozac can make it better - noise, noise Any kind will do; Can you feel it slip away when it's all on you (hey, hey) Crime, crime - rockin' like Janet Reno - time time Eighteen and life in Chino - Freud, Freud All along it's true; Well you'll see there comes a day catches up to you, yeah!  [Chorus: Offspring and Redman] Knock down the walls - it's alive in you! Knock down the place - you're alone, it's true! Knock down the walls - it's alive in you! You gotta keep your head up through it all You're gonna bust out on it (Original Prankster) Break out, yeah! (Original, yeah) Bust out on it (Original Prankster) You never stop now, stop now That's what the main man say!  [Interlude] You can do it!  [Verse 2: Offspring] You know it smells like shit - God damn! Tag Team the Double Header Son of Sam; fire always makes it better Navigate with style and aplomb Cause wherever you're at, that's the tip youse on (hey, hey) Lies lies - says he's down in the Bahamas - tries tries Bangin' little hoochie mamas - no way None of this is true Well you'll see there comes a day when the joke's on you yeah!  [Chorus] Knock down the walls - it's alive in you! Knock down the place - you're alone, it's true! Knock down the walls - it's alive in you! You gotta keep your head up through it all You're gonna bust out on it (Original Prankster) Break out, yeah! (Original, yeah) Bust out on it (Original Prankster) You never stop now, stop now That's what the main man say!  [Interlude] (Hey) You can do it  [Bridge] Dime, dime - so good to see ya Nine, nine - don't wanna be ya[x2] Crime, crime - fine sensimilla[x3] Well you'll see there comes a day catches up to you, yeah!  [Chorus] Knock down the walls - it's alive in you! Knock down the place - you're alone, it's true! Knock down the walls - it's alive in you! You gotta keep your head up through it all You're gonna bust out on it (Original Prankster) Break out, yeah! (Original, yeah) Bust out on it (Original Prankster) You never stop now, stop now Stop now stop now that's what the main man say!  "
2000,want-you-bad,"  [Verse 1] If you could only read my mind You would know that things between us ain't right I know your arms are open wide But you're a little on the straight side, I can't lie  [Pre-Chorus 1] Your one vice Is you're too nice Come around now, can't you see?  [Chorus 1] I want you, all tattooed I want you bad Complete me, mistreat me Want you to be bad, bad, bad, bad, bad  [Verse 2] If you could only read my mind You would know that I've been waiting So long For someone almost just like you But with attitude, I'm waiting So come on  [Pre-Chorus 2] Get out of clothes time Grow out those highlights Come around now, can't you see?  [Chorus 2] I want you, in a vinyl suit I want you bad Complicated, x-rated I want you bad, bad, bad, bad, bad Bad  [Bridge] Don't get me wrong I know you're only being good But that's what's wrong I guess I just misunderstood  [Final Chorus] I want you, all tattooed I want you bad Complicated, x-rated I want you bad I mean it, I need it I want you bad, bad, bad, bad, bad Bad, really, really bad  "
2000,million-miles-away,"  [Verse 1] There was a time, looking through myself Wanting to pretend If I escaped, I could fill myself I don't think you can Been far and wide But that hole inside Never really leaves When I went away, what I really left Left behind was me  [Pre-Chorus 1] It's telling me To be on my way Home  [Chorus] O-o-oh, o-o-oh Million miles away O-o-oh, o-o-oh Million miles away I can't stay, I can't stay O-o-oh, o-o-oh A million miles away  [Verse 2] Each passing day, every passing face Seems like such a blur I long to be Home, silently Lying next to her Just to get back, by her side is all All I need to be I went away But what I really left Left behind was me  [Pre-Chorus 2] I need to be Getting on my way Home  [Chorus] O-o-oh, o-o-oh Million miles away O-o-oh, o-o-oh Million miles away I can't take, I can't take O-o-oh, o-o-oh A million miles away  [Pre-Chorus 1]  [Chorus] x8 I can't take, I can't take Million miles away  "
2005,defy-you,  [Verse 1] You may push me around But you cannot win You may throw me down But I'll rise again The more you say The more I defy you So get out of my face  [Chorus 1] You cannot stop us You cannot bring us down Never give up We go on and on You'll never break us Never bring us down We are alive!  [Verse 2] The wind blows I'll lean into the wind My anger grows I'll use it to win The more you say The more I defy you So get out of my way  [Chorus 2] All my will All my strength Rip it out Start again  [Chorus 1]  [Chorus 2][x4]  [Bridge] Can you leave it all behind?[x2] Cause you can't go back You can't go back  [Chorus 1]  [Outro] We are alive Oh no  
2003,hit-that,"  [Verse 1] The winds of fortune Don't blow the same She had to get out And make a change She had a kid now But much too young That baby daddy's out having fun  [Chorus] He's saying I'm on a roll With all the girls I know His baby momma She ain't so slow He's saying I'm on a roll With all the girls I know I know you wanna hit that I know you wanna hit that All the world is gettin' with, I say Consequences are a lot, but hey That's the way it That's the way things go  [Verse 2] What was a family Is now a shell We're raising kids now Who raise themselves Sex is a weapon And it's like a drug It gets him right into that grave that he just dug  [Chorus] She's saying I'm on the run I'm chasing guys for fun Her baby daddy It ain't his only one She's saying I'm on the run I'm chasing guys for fun I know you wanna hit that I know you wanna hit that hit that Everybody's gettin' with, I say Consequences are a lot, but hey That's the way it That's the way things go  [Bridge] Well it winds up Broken up Really such a shame But why not Take a chance Everything's a game And it don't stop Hooking up Nothing's gonna change The more he's trying The more he's buying  [Chorus] He says I'm on a roll With all the girls I know His baby momma Don't need to know He's saying I'm on a roll With all the girls I know I know you wanna hit that I know you wanna hit that, hit that All the world is gettin' with, I say Consequences are a lot, but hey That's the way it That's the way things go  "
2004,cant-get-my-head-around-you,"  [Verse 1] Deep inside your soul there's a hole you don't want to see Every single day what you say makes no sense to me Even though I try, I can't get my head around you  Somewhere in the night there's a light in front of me Heaven up above with a shove, I beg it's me Even though I try, I fall in the river of you You've managed to bring me down, too  [Interlude] All your faking (Get Up, Get Up, Get Up, Get Up) Shows you're aching (Get Up, Get Up, Get Up)  [Verse 2] Every single day what you say makes no sense to me Letting you inside, isn't right, don't mess with me I never really know what's really going on inside you  [Chorus] I can't get my head around you  [Interlude] All your feeding (Get Up, Get Up, Get Up, Get Up) Shows you're bleeding (Get Up, Get Up, Get Up)  [Bridge] Deep inside your soul there's a hole you don't want to see Covering it up like a cut with the likes of me You know I've really tried, I can't do anymore about you Yeah, the cut's getting deeper Yeah, the hill's getting steeper I guess I'll never know what's really going on inside you  [Chorus] I can't get my head around you I can't get my head around you I can't get my head around you I can't get my head around you  "
2003,spare-me-the-details,"  [Verse 1] My girlfriend, my dumb donut Went out to a party just the other night But three hours later and seven shots of Jäger She was in the bedroom with another guy  [Pre-Chorus] And I don't really wanna know So don't tell me anymore And I really don't wanna hear About her feet all up in the air  [Chorus] And well, I'm not the one who acted like a hoe Why must I be the one who has to know? I'm not the one who messed up big time So, spare me the details if you don't mind  [Verse 2] Now I can understand friends who wanna tell me Think they're gonna help me open up my eyes But the play-by-play makes me wanna lose it Every time you do it, man, it turns the knife  [Pre-Chorus] And I don't really wanna know So don't tell me anymore And I really don't wanna hear About her feet all up in the air  [Chorus] And well, I'm not the one who acted like a hoe Why must I be the one who has to know? I'm not the one who messed up big time So, spare me the details if you don't mind  [Bridge] Now I don't need to hear about the sounds they were making And I don't need to hear about how long it was taking Or how the walls, they were shaking  [Verse 3] Now lying in bed, wallowing in sorrow Missing the tomorrow that we could have had Running through my head, over and over Things I never told her now just make me sad And it drives me insane, sitting with the vision Stuck with that image burned into my brain And I feel so dumb that I could ever trust her While someone else fucked her, then walked away  [Pre-Chorus] And I don't really wanna to know So don't tell me anymore And I really don't wanna hear About her feet all up in the air  [Chorus] And so, I'm not the one who acted like a hoe Why must I be the one who has to know? I'm not the one who messed up big time So, spare me the details if you don't mind  [Outro] ('Cause I don't wanna know) Don't wanna know (Spare me the details if you don't mind) Don't wanna know Don't wanna know.. (Spare me the details if you don't mind)  "
2005,cant-repeat,"  [Verse 1] I woke the other day And saw my world has changed The past is over, but tomorrow's wishful thinking I can't hold onto what's been done I can't grab onto what's to come And I'm just wishing I could stop, but  [Chorus] Life goes on, come of age Can't hold on, turn the page Time rolls on, wipe these eyes Yesterday laughs, tomorrow cries  [Verse 2] Memories are bittersweet The good times we can't repeat Those days are gone and we can never get them back Now we must move ahead Despite our fear and dread We're all just wishing we could stop, but  [Chorus] Life goes on, come of age Can't hold on, turn the page Time rolls on, wipe these eyes Yesterday laughs, tomorrow cries  [Verse 3] With all our joys and fears Wrapped in forgotten years The past is laughing as today just slips away Time tears down what we've made And sets another stage And I'm just wishing we could stop  [Chorus] Life goes on, come of age Can't hold on, turn the page Time rolls on, wipe these eyes Yesterday laughs, tomorrow cries  [Outro] Time rolls on  "
2008,hammerhead,"  [Intro] Ow  [Verse 1] I am the one, camouflage and guns Risk my life to keep my people from harm Authority vested in me I sacrifice with my brothers in arms  [Pre-Chorus 1] Through this doorway, what's on the other side? Never knowin' exactly what I'll find Locked and loaded, voices screaming ""Let's go!"" Come on, do it, here we go!  [Chorus 1] (Oh) I'll take a life that others may live Oh, that's just the way it goes (Oh) I'll shut my eyes, it hammers in my head Where it'll end, nobody knows (Oh) I'll take a life ten others may live Oh, that's just the way it goes (Oh) It's playing over and over in my head Where it'll end, nobody knows  [Verse 2] Stay the course, reasonable force I believe I serve a greater good Smoke and dust, enemies are crushed Nothing left where a man once stood  [Pre-Chorus 2] Through this doorway, what's on the other side? Never knowin' exactly what I'll find Locked and loaded, voices screaming ""Let's go!"" But, I'm just doing what I'm told  [Chorus 2] (Oh) I'll take a life that others may live Oh, that's just the way it goes (Oh) I'll shut my eyes, it hammers in my head Where it'll end, nobody knows (Oh) I'll take a life ten others may live Oh, that's just the way it goes (Oh) It's playing over and over in my head Where it begins and where it'll end, nobody knows  [Instrumental Break]  [Bridge] Hey, go! Oh, oh, oh, oh Bang, bang, it hammers in my head Bang, bang, it hammers in my head Bang, bang, it hammers in my head In my head, in my head  [Verse 3] Yeah, though I walk through the valley of the shadow of death I fear no evil for thou art with me Locked and loaded, gonna find my truth Now, I'm busting through, all hell breaks loose, and-a (Woo-hoo!) And, you can all hide behind your desks now (Woo-hoo!) And, you can cry, ""Teacher, come help me!"" (Woo-hoo!) Through you all, my aim is true My  [Outro] (Woo-hoo!) (Woo-hoo!) My aim is true (Woo-hoo!) My aim is true  "
2008,youre-gonna-go-far-kid,"  [Verse 1] Show me how to lie, you're getting better all the time And turning all against the one is an art that's hard to teach Another clever word sets off an unsuspecting herd And as you step back into line, a mob jumps to their feet  [Pre-Chorus] Now dance, fucker, dance man, he never had a chance And no one even knew it was really only you And now you steal away, take him out today Nice work you did, you're gonna go far, kid  [Chorus] With a thousand lies and a good disguise Hit 'em right between the eyes, hit 'em right between the eyes When you walk away, nothing more to say See the lightning in your eyes, see 'em running for their lives  [Verse 2] Slowly out of line, and drifting closer in your sight So play it out, I'm wide-awake, it's a scene about me There's something in your way and now someone is gonna pay And if you can't get what you want, well, it's all because of me  [Pre-Chorus] Now dance, fucker, dance, man, I never had a chance And no one even knew, it was really only you And now you'll lead the way, show the light of day Nice work you did, you're gonna go far, kid, trust deceived  [Chorus] With a thousand lies and a good disguise Hit 'em right between the eyes, hit 'em right between the eyes When you walk away, nothing more to say See the lightning in your eyes, see 'em running for their lives  [Bridge] Now dance, fucker, dance, he never had a chance And no one even knew, it was really only you So dance, fucker, dance, I never had a chance It was really only you  [Chorus] With a thousand lies and a good disguise Hit 'em right between the eyes, hit 'em right between the eyes When you walk away, nothing more to say See the lightning in your eyes, see 'em running for their lives  [Outro] Clever alibis, Lord of the Flies Hit 'em right between the eyes, hit 'em right between the eyes When you walk away, nothing more to say See the lightning in your eyes, see 'em running for their lives  "
2008,kristy-are-you-doing-okay,"  [Verse 1] There's a moment in time, and it's stuck in my mind Way back, when we were just kids ’Cause your eyes told the tale of an act of betrayal I knew that somebody did  [Pre-Chorus 1] Oh, waves of time Seem to wash away the scenes of our crimes For you, this never ends  [Chorus] Can you stay strong? Can you go on? Kristy, are you doing okay? A rose that won't bloom, winter's kept you Don't waste your whole life trying To get back what was taken away  [Verse 2] Though the marks on your dress had been neatly repressed I knew that something was wrong And I should've spoke out, and I'm so sorry now I didn't know, ’cause we were so young  [Pre-Chorus 2] Oh, clouds of time Seem to rain on innocence left behind It never goes away  [Chorus] Can you stay strong? Can you go on? Kristy, are you doing okay? A rose that won't bloom, winter's kept you Don't waste your whole life trying To get back what was taken away  [Pre-Chorus 2] Oh, clouds of time Seem to rain on innocence left behind It never goes away It never goes away  [Chorus] Can you stay strong? Can you go on? Kristy, are you doing okay? A rose that won't bloom, winter's kept you Don't waste your whole life trying To get back what was taken away Don't waste your whole life trying To get back what was taken away  "
2008,stuff-is-messed-up,"  [Verse 1] Now, I don't know, and it's hard to explain But it seems like things are just kind of insane Because the world is crying, but nobody's listening So, please leave a message on my cell phone I see bullets getting better, biblical weather And that guy on TV is, like, a total asshole Who are you wearing tonight? Celebrity fundraiser, tight Black ties making wrongs right How's your social Band-Aid?  [Pre-Chorus] I don't know much, I don't know too much But I know this: shit is fucked up  [Chorus] I guess it's all about the dream The ends justify the means I'm telling you, shit is fucked up You know it's all about the dream The ends justify the means  [Verse 2] Now, thank God for the media for saving the day Putting it all into perspective in a responsible way With more celebrity news, typical bullshit views I think we're losing this fight sponsored by Bud Light And now, we're rocking the casbah and taking the flak The genie's out of the bottle, and we can't put it back All this stuff, it's overwhelming my brain Can you see the storm coming? It's coming this way  [Pre-Chorus] I don't know much, I don't know too much But I know this: shit is fucked up  [Chorus] I guess it's all about the dream The ends justify the means I'm telling you, shit is fucked up You know it's all about the dream The ends justify the means Justify the means  [Bridge] Shopping sprees, RPGs, ecstasy, atrophy Genocide, Pimp My Ride, politize, euphemize Injustice everywhere, apathy, I don't care Hurricanes, climate change, huh Therapy, I won't tell, rehab and LOL Worldwide calamity, TV reality Euthanize, supersize, death squads and boob jobs And VIP infamy, gratify instantly  [Pre-Chorus] I don't know much, I don't know too much I don't know much, I don't know too much  [Chorus] I guess it's all about the dream The ends justify the means I'm telling you, shit is fucked up You know it's all about the dream The ends justify the means The means, the means  "
2012,days-go-by,"  [Verse 1] Run to the light It won't save you tonight All our yesterdays are pictures lost in time Never enough Towers crumble to dust Looking back on the moments of our lives  [Chorus] All your anger, all your hurt Doesn't matter in the end Those days go by And we all start again What you had and what you lost They're all memories in the wind Those days go by And we all start again  [Verse 2] Stars still burn bright Seasons change overnight As we find our way, the times, they come and go Look back in love A new day rises above With a wind that comes to carry you back home  [Chorus] All your anger, all your hurt Doesn't matter in the end Those days go by And we all start again What you had and what you lost They're all memories in the wind Those days go by And we all start again  [Bridge] Days go by!  [Chorus] All your anger, all your hurt Doesn't matter in the end Those days go by And we all start again What you had and what you lost They're all memories in the wind Those days go by And we all start again  What you had and what you lost What you had and what you lost  [Outro] Those days go by Those days go by Those days go by  "
2012,cruising-california-bumpin-in-my-trunk,"  Hey ho, let's go!  [Chorus] Boom, boom, boom Turn up the beat, yeah Oh, oh, oh I wanna feel it (California) Don't you wish that you could come? ’Cause we're never going home Till the summer's all gone  [Verse] Summertime, living's easy Crusin', bumpin' my Huntington Beach ’Cause the sun will shine We have a good time They all line up for a bump and grind And the girl that you want Is directly out in front And she's waving her caboose at you You sneeze ""Atchoo!"" She calls you out, and BOOM!  [Pre-Chorus] I know you heard that bass Bumpin' in my trunk Bum-bumpin' in my trunk Bum-bumpin' in my trunk (oh yeah) I know you heard that bass Bumpin' in my trunk (uh-huh) Bum-bumpin' in my trunk (uh-huh) Bum-bumpin' in my trunk (let's go)  [Chorus]  [Verse] The sun goes down, the fire pits leap It's another summer night here in the OC Well, I'm not no baller, though I do have an Impala And I might say ""hey,"" but I'd never say ""holla"" The girl with the gloss And a G-string just like floss Well, she's waving her caboose at you I bet you drool She calls you out, mmmhmm  [Pre-Chorus] I know you heard that bass Bumpin' in my trunk (uh huh) Bum-bumpin' in my trunk (uh-huh) Bum-bumpin' in my trunk (bump that trunk) I know you heard that bass Bumpin' in my trunk (uh-huh) Bum-bumpin' in my trunk (uh-huh) Bum-bumpin' in my trunk (let's go)  [Chorus] Boom, boom, boom Turn up the beat, yeah Oh, oh, oh I wanna feel it (California)  Don't you wish that you could come? With the radio on Blazing all summer long  Boom, boom, boom You're all up freaking Oh, oh, oh My friends are drinking (California) Don't you wish that you could come? ’Cause we're never going home Till the summer's all gone  [Bridge] California California I know you heard that bass Bumpin' in my trunk (uh-huh) Bum-bumpin' in my trunk (uh-huh) Bum-bumpin' in my trunk (let's go)  [Chorus] Boom, boom, boom Turn up the beat yeah Oh, oh, oh I wanna feel it (California) Don't you wish that you could come? With the radio on Blazing all summer long  Boom, boom, boom You're all up freaking Oh, oh, oh My friends are drinking (California) Don't you wish that you could come? ’Cause we're never going home Till the summer's all gone  [Outro] Don't you wish that you could come? ’Cause we're never going home Till the summer's all gone  "
2015,coming-for-you,"  [Verse 1] Time to go and get our kicks Dropping out and getting in the mix now In the backroom, nothing to do We're not bored, we're just sick of you, yeah Yeah, sick of you  [Chorus] Breakdown, takedown, now it's on Sold out, blow out, Donkey Kong Well no, hell no, what you gonna do When they keep coming for you?  [Verse 2] See the shadows marching on Yesterday's dreams are dead and gone Dead and gone Hear the cheering up above Down below it's push and shove Yeah, push and shove  [Chorus] Breakdown, takedown, now it's on Sold out, blow out, Donkey Kong Well no, hell no, what you gonna do When they keep coming for you? Bet some, get some, knock you down Lowdown, showdown, kiss the ground Well no, hell no, what you gonna do? Lights out, permanent snooze, they'll be coming for you  [Bridge] What's up? Fuck you up  [Chorus] Breakdown, takedown, now it's on Sold out, blow out, Donkey Kong Well no, hell no, what you gonna do? They just keep coming for you Bet some, get some, knock you down Lowdown, showdown, kiss the ground Well no, hell no, what you gonna do? Lights out, permanent snooze, they'll be coming for you They'll be coming for you They'll be coming for you  "
2021,let-the-bad-times-roll,"  [Intro] Oh, baby, let the bad times roll (Oh-oh-oh-oh) Oh, baby, let the bad times roll (Oh, oh-oh-oh)  [Verse 1] We're gonna hang 'em high We're gonna shoot straight up in the air This eye is for an eye Don't need to ask and don't need to care, yeah  [Pre-Chorus 1] Well, don't be thinkin' we're crazy, crazy When you see all the hell that we're raisin' (raisin') Don't be thinkin' we're crazy, crazy 'Cause the truth is what we're erasing And so I I'm doing it all for you I'm doing it all for you  [Chorus 1] Oh, baby, let the bad times roll Machiavelli flow (Oh-oh-oh-oh) Hey, Lincoln, how does your grave roll? (Oh, oh-oh-oh-oh) Takе what's right and make it wrong Make it up as I go along Let mе know when you decide Apathy or suicide Oh, baby, let the bad times roll (Oh-oh-oh-oh)  [Verse 2] Now it was all a lie But that bitch won't get in my way Keep shoutin' what I like – ""lock her up, lock her up"" Now that's a good one I gotta say, yeah  [Pre-Chorus 2] Well, don't be thinkin' we're crazy, crazy When you see all the hell that we're raisin' (raisin') Don't be thinkin' we're crazy, crazy Cause the truth is what we're erasing And so I I'm turning my back on you I'm turning my back on you  [Chorus 2] Oh, baby, let the bad times roll On a stripper pole (Oh-oh-oh-oh) Yeah, fuck it, let the bad times roll (Oh, oh-oh-oh-oh) (Fuck it, fuck it) Mexicans and Blacks and Jews Got it all figured out for you Gonna build a wall, let you decide Apathy or suicide Oh, baby, let the bad times roll (Oh-oh-oh-oh)  [Post-Chorus] Now I'm letting the bad times roll (Oh-oh-oh-oh) Doing it all for you I'm doing it all for you  [Chorus 3] Oh, baby, let the bad times roll Machiavelli flow (Oh-oh-oh-oh) Hey, Lincoln, how does your grave roll? (Oh, oh-oh-oh) Take what's right and make it wrong Make it up as I go along Let me know when you decide Apathy or suicide Oh, baby, let the bad times roll (Oh, oh-oh-oh) Oh, baby, let the bad times roll Let me know when you decide Apathy or suicide Oh, baby, let the bad times roll (Fuck it, fuck it) Oh, baby, let the bad times roll  "
